index,Salmonidae;Salmo;__,Leuciscidae;Leuciscus;__,Leuciscidae;__;__,Salmonidae;Oncorhynchus;Oncorhynchus mykiss,Leuciscidae;Rutilus;Rutilus rutilus,Cottidae;Cottus;__,Salmonidae;Salmo;Salmo trutta,Clariidae;Clarias;__,Mugilidae;Mugil;Mugil cephalus,Leuciscidae;Squalius;__,Blenniidae;Salaria;Salaria fluviatilis,Salmonidae;Salvelinus;__,Cyprinidae;__;__,Leuciscidae;Alburnus;Alburnus alburnus,Gobionidae;Pseudorasbora;Pseudorasbora parva,Nettastomatidae;Nettastoma;Nettastoma melanurum,Poeciliidae;Gambusia;__,Macrouridae;Trachyrincus;Trachyrincus murrayi,Mugilidae;Chelon;__,Anguillidae;Anguilla;__,Diodontidae;__;__,Petromyzontidae;Lampetra;__,Ariidae;Ariopsis;Ariopsis felis,Cyprinidae;Carassius;__,Siluridae;Silurus;__,Moronidae;Dicentrarchus;Dicentrarchus labrax,Leuciscidae;Acanthobrama;Acanthobrama persidis,Tetraodontidae;Lagocephalus;Lagocephalus guentheri,Percidae;Perca;Perca fluviatilis,Atherinidae;Atherina;Atherina boyeri,Ictaluridae;Ameiurus;__,Leuciscidae;Phoxinus;__,Leuciscidae;Leuciscus;Leuciscus aspius,Gobionidae;Gobio;__,Anguillidae;Anguilla;Anguilla anguilla,Istiophoridae;__;__,Leuciscidae;Squalius;Squalius cephalus,Gobiidae;Pomatoschistus;Pomatoschistus microps,Leuciscidae;Abramis;Abramis brama,Gobiidae;Pomatoschistus;__,Gobiidae;Pomatoschistus;Pomatoschistus pictus,Gobionidae;Pseudorasbora;__,Salmonidae;Oncorhynchus;__,Leuciscidae;Squalius;Squalius pyrenaicus,Siluridae;Silurus;Silurus glanis,Leuciscidae;Phoxinus;Phoxinus fayollarum,Pimelodidae;Rhamdia;Rhamdia cf. jequitinhonha NS 3056B,Engraulidae;Engraulis;Engraulis ringens,Scombridae;__;__,Gadidae;Micromesistius;Micromesistius poutassou,Clupeidae;Sardinella;Sardinella maderensis,Gobionidae;Gobio;Gobio gobio,Clupeidae;Sardinops;NA,Scyliorhinidae;Scyliorhinus;Scyliorhinus canicula
AGRI_1,0,0,0,0,0,0,0,0,0,0,0,0,0,0,0,0,0,0,0,0,0,0,0,0,0,0,0,0,0,0,0,0,0,0,0,0,0,0,0,0,0,0,0,0,0,0,0,0,0,0,0,0,0,0
AGRI_2,0,0,0,0,0,0,0,0,0,0,0,0,0,0,0,0,0,0,0,0,0,0,0,0,0,0,0,0,0,0,0,0,0,0,0,0,0,0,0,0,0,0,0,0,0,0,0,0,0,0,0,0,0,0
AGRI_B,0,0,0,0,0,0,0,0,0,0,0,0,0,0,0,0,42.0,0,0,0,0,0,0,0,0,301.0,215.0,0,0,0,24.0,0,0,0,0,0,0,0,0,0,0,9.0,0,0,0,0,0,0,0,0,0,0,0,0
AME_1,0,0,0,0,0,0,0,0,0,0,0,0,0,0,0,0,0,0,0,0,0,143.0,0,0,0,0,0,0,0,0,0,0,0,0,0,0,0,0,0,0,0,0,0,0,0,0,0,0,0,0,0,0,0,0
AME_2,0,377896.0,311504.0,0,0,0,0,0,0,2354.0,0,0,0,71337.0,0,0,0,0,0,0,0,0,0,0,0,0,0,0,0,0,0,0,0,0,0,0,0,0,0,0,0,0,0,0,0,0,0,0,0,0,0,0,0,0
ARC_1,0,0,0,0,0,0,0,0,0,0,0,0,0,0,0,0,0,0,0,0,0,0,0,0,0,0,0,0,0,0,0,0,0,0,0,0,0,0,0,0,0,0,0,0,0,0,0,0,0,0,0,0,0,0
BID_1,52199.0,842.0,0,10631.0,0,0,0,0,0,0,0,0,0,0,0,0,842.0,0,0,86.0,0,0,0,0,0,0,0,0,0,0,0,0,0,0,0,1179.0,0,0,0,0,0,0,0,0,0,0,0,0,0,0,0,0,0,0
BID_2,0,452613.0,78375.0,0,0,0,0,0,0,0,0,0,0,1728.0,0,0,0,0,0,0,0,0,0,0,0,0,0,0,0,0,0,0,0,0,0,0,0,0,0,0,0,0,0,0,0,0,0,0,0,0,0,0,0,0
BID_B,0,6455.0,0,0,0,0,0,6898.0,4383.0,853.0,2923.0,0,0,0,1043.0,0,0,0,471.0,0,0,0,0,377.0,0,0,0,0,0,0,0,0,0,0,0,0,0,0,0,0,0,0,0,0,0,0,0,0,0,0,0,0,0,0
BONA_1,0,309040.0,350344.0,0,0,0,0,0,0,56864.0,0,0,0,143671.0,0,0,0,0,0,0,0,0,0,0,0,0,0,0,0,0,0,0,0,0,0,0,0,0,0,0,0,0,0,0,0,0,0,0,0,0,0,0,0,0
BONA_2,0,478313.0,431008.0,0,0,0,0,0,0,9814.0,0,0,0,161662.0,0,0,22570.0,0,0,0,0,0,0,0,0,0,0,0,0,0,1570.0,0,0,0,0,0,0,0,0,0,0,0,0,0,0,0,0,0,0,0,0,0,0,0
BONA_B,0,281080.0,286082.0,0,0,0,0,0,0,0,0,0,0,59948.0,0,0,0,0,0,0,0,0,0,0,0,0,0,0,0,0,0,0,0,0,0,0,0,0,0,0,0,0,0,0,0,0,0,0,0,0,0,0,0,0
BUS_1,0,230155.0,61493.0,0,0,0,0,0,0,0,0,0,0,3899.0,0,0,0,0,0,0,0,0,0,0,0,0,0,0,0,0,0,0,0,0,0,0,0,0,0,0,0,0,0,0,0,0,0,0,0,0,0,0,0,0
BUS_B,0,814334.0,234702.0,0,0,0,0,0,0,0,0,0,0,16362.0,0,0,0,0,0,0,0,0,0,0,0,0,0,0,0,0,0,0,0,0,0,0,0,0,0,0,0,0,0,0,0,0,0,0,0,0,0,0,0,0
CAL_1,1331838.0,0,180828.0,0,1052375.0,0,3137.0,0,0,54420.0,0,0,235112.0,7603.0,0,0,0,0,0,0,0,56460.0,0,0,0,0,0,0,0,0,0,0,0,0,0,0,0,0,0,0,0,0,0,0,0,0,0,0,0,0,0,0,0,0
CAN_2,0,5742.0,0,0,0,0,0,0,0,0,0,0,0,0,1164.0,0,4989.0,0,2185.0,0,0,0,0,0,0,0,0,0,0,0,263.0,0,0,0,0,0,0,0,0,0,0,0,0,0,0,0,0,0,0,0,0,0,0,0
CAN_3,0,0,0,0,0,0,0,0,0,0,0,0,0,0,221.0,0,10868.0,0,0,0,0,0,0,0,0,0,0,0,0,0,87.0,0,0,0,0,0,0,0,0,0,0,0,0,0,0,0,0,0,0,0,0,0,0,0
COR_1,0,0,0,362.0,0,0,0,0,0,0,0,0,0,0,0,0,0,0,0,0,0,0,0,0,0,0,0,0,0,0,0,0,0,0,0,0,0,0,0,0,0,0,0,0,0,134.0,0,0,0,0,0,0,0,0
FIA_1,465972.0,0,0,0,0,393047.0,0,0,0,0,0,0,0,0,0,0,0,0,0,0,0,0,0,0,0,0,0,0,0,0,0,0,0,0,0,0,0,0,0,0,0,0,0,0,0,0,0,0,0,0,0,0,0,0
FIA_2,867200.0,0,3931.0,0,0,682636.0,0,0,0,2663.0,0,0,0,0,0,0,0,0,0,0,0,0,0,0,0,0,0,0,0,0,0,0,0,0,0,0,0,0,0,0,0,0,0,0,0,0,0,0,0,0,0,0,0,0
FIA_B,0,0,0,5044.0,0,0,0,0,0,0,0,0,0,0,0,0,0,0,0,0,0,0,0,0,0,0,0,0,0,0,0,0,0,0,0,0,0,0,0,0,0,0,0,0,0,0,0,0,0,0,0,0,0,0
FIU_1,0,5535.0,195340.0,0,47430.0,0,0,0,0,254446.0,220591.0,0,20322.0,4452.0,0,0,0,0,0,6073.0,0,0,0,0,0,0,0,0,0,0,0,0,0,0,0,0,1179.0,0,0,0,0,0,0,0,0,0,0,0,0,0,0,0,0,0
FIU_2,0,0,66970.0,0,24620.0,0,0,0,0,119689.0,201141.0,0,11077.0,0,0,0,0,0,0,19671.0,0,0,0,0,0,0,0,0,0,0,0,0,0,0,0,0,0,0,0,0,0,0,0,0,0,0,0,0,0,0,0,0,0,0
GIO_2,72696.0,0,0,0,0,0,0,0,0,0,0,0,0,0,0,0,0,0,0,0,0,0,0,0,0,0,0,0,0,0,0,0,0,0,0,0,0,0,0,0,0,0,154.0,0,0,0,0,0,0,0,0,0,0,0
GIO_B,0,7504.0,325.0,4139.0,0,0,0,0,0,0,0,1858.0,0,0,0,0,26.0,0,0,0,0,0,0,0,936.0,351.0,250.0,0,0,0,0,0,0,0,0,0,0,0,0,0,0,0,0,0,0,0,0,0,0,0,0,0,0,0
LAO_1,0,0,0,0,0,0,0,0,0,0,0,0,0,0,0,0,0,0,0,0,0,0,0,0,0,66.0,0,0,0,0,0,0,0,0,0,0,0,0,0,0,0,0,0,0,0,0,0,0,0,0,0,0,0,0
LAO_2,117449.0,10907.0,51050.0,6228.0,626.0,0,0,0,0,0,0,0,21742.0,10172.0,7250.0,0,37141.0,0,0,72621.0,0,0,0,1378.0,0,0,0,0,0,12091.0,0,0,0,0,1100.0,0,0,825.0,0,0,0,0,0,0,0,0,0,0,0,0,0,0,0,0
LAO_B,0,0,0,3276.0,0,0,0,0,0,0,0,0,4627.0,0,0,0,3392.0,0,1410.0,0,0,0,0,0,0,0,0,0,0,0,0,0,0,0,0,0,0,0,0,0,0,0,0,0,0,0,0,0,0,0,0,0,0,0
LESE_B,0,0,0,0,0,0,0,0,0,0,0,0,0,0,0,0,0,0,0,0,0,0,0,0,0,0,0,0,0,0,0,0,0,0,0,0,0,0,0,0,0,0,0,0,0,0,0,0,0,0,0,0,0,0
MAG_1,0,0,0,0,0,0,0,0,0,0,0,0,0,0,0,0,0,0,0,0,0,0,0,0,0,0,0,0,0,0,0,0,0,0,0,0,0,0,0,0,0,0,0,0,0,0,0,0,0,0,0,0,0,0
MAG_2,150037.0,0,236556.0,0,0,0,4503.0,0,0,0,0,0,0,74323.0,0,0,0,0,0,0,0,0,0,0,0,0,0,0,0,0,0,0,0,0,0,0,0,0,0,0,0,0,0,0,0,0,0,0,0,0,0,0,0,0
MAV_2,3243.0,7223.0,44680.0,394.0,0,0,14057.0,0,0,0,0,0,3070.0,3763.0,0,0,5298.0,0,0,0,0,0,0,303.0,0,0,0,0,0,0,0,134.0,0,0,0,0,0,0,0,647.0,606.0,0,0,0,0,0,0,0,0,0,0,0,0,0
MAV_B,0,537053.0,219959.0,45199.0,0,0,20536.0,0,0,0,0,0,65999.0,98781.0,0,0,28752.0,0,2976.0,0,0,0,0,11114.0,0,36387.0,25748.0,0,0,0,4305.0,0,1850.0,1410.0,0,0,0,0,0,0,0,0,0,0,0,0,0,0,0,0,0,0,0,0
NERA_1,0,0,0,945752.0,0,0,0,0,0,0,0,0,0,0,0,0,0,0,0,0,0,0,0,0,0,0,0,0,0,0,0,0,0,0,0,0,0,0,0,0,0,0,0,0,0,0,0,0,0,0,0,0,0,0
NOC_1,0,0,0,2333.0,0,0,0,47602.0,64921.0,0,0,0,10966.0,0,3280.0,0,1181.0,0,2164.0,0,0,0,0,1233.0,0,0,0,504.0,0,0,0,0,0,0,0,0,0,0,0,0,0,0,0,0,0,0,0,0,0,0,0,0,0,0
NOC_2,0,73218.0,34814.0,0,0,0,0,747325.0,577332.0,0,0,0,43757.0,35314.0,116735.0,0,9205.0,0,82106.0,0,0,0,0,44045.0,0,0,0,0,0,0,0,0,0,0,0,0,0,0,0,0,0,0,0,0,0,0,0,0,0,0,0,0,0,0
NOC_B,0,0,15219.0,0,0,0,0,0,0,0,0,0,0,3785.0,0,0,0,0,0,0,0,0,0,0,0,0,0,170.0,0,0,0,0,0,0,0,0,0,0,0,0,0,0,0,0,0,0,0,0,0,0,0,0,0,0
P11E,46962.0,4314.0,719.0,0,2491.0,0,18673.0,0,0,270.0,0,6932.0,1603.0,0,0,0,262.0,0,0,494.0,0,158.0,0,0,510.0,0,0,0,0,120.0,0,0,0,0,0,0,0,0,0,0,0,0,0,0,0,0,0,0,0,0,0,0,0,0
P1F,0,0,0,0,0,0,0,0,0,0,0,0,0,0,0,0,0,0,0,0,0,0,0,0,0,0,0,0,0,0,0,0,0,0,0,0,0,0,0,0,0,0,0,0,0,0,0,0,0,0,0,0,0,0
P3A,0,0,0,0,0,0,0,0,0,0,0,0,0,0,0,0,0,0,0,0,0,0,0,0,0,4.0,0,0,0,0,0,0,0,0,0,0,0,0,0,0,0,0,0,0,0,0,0,0,0,0,0,0,0,0
P3G,0,0,0,0,0,0,0,0,0,0,0,0,0,0,0,0,0,0,0,0,0,0,0,0,0,0,0,0,0,0,0,0,0,0,0,0,0,0,0,0,0,0,0,0,0,0,0,0,0,0,0,0,0,0
P5B,0,0,0,0,0,0,0,0,0,0,157.0,0,0,0,0,0,0,0,0,0,0,0,0,0,0,0,0,0,0,0,0,0,0,0,0,0,0,0,0,0,0,0,0,0,0,0,0,0,0,0,0,0,0,0
P5C,0,0,0,0,0,0,0,0,0,0,0,0,0,0,0,0,0,0,0,0,0,0,0,0,0,0,0,0,0,0,0,0,0,0,0,0,0,0,0,0,0,0,0,0,0,0,0,0,0,0,0,0,0,0
P7C,0,0,0,0,0,0,0,0,0,0,0,0,0,0,0,0,0,0,0,0,0,0,0,0,0,0,0,0,0,0,0,0,0,0,0,0,0,0,0,0,0,0,0,0,0,0,0,0,0,0,0,0,0,0
P9D,0,2770.0,0,0,0,0,0,0,0,0,0,0,0,0,0,0,0,0,0,0,0,0,0,0,55.0,216.0,191.0,0,0,0,0,0,0,0,0,0,0,0,0,0,0,10.0,0,0,0,0,0,0,0,0,0,0,0,0
RAB_1,149469.0,12647.0,140596.0,2582.0,0,0,244158.0,0,0,0,0,0,0,90342.0,0,0,0,0,4262.0,0,0,0,0,0,0,0,0,0,0,0,0,0,0,0,0,0,0,0,0,0,0,0,0,0,0,0,0,0,0,0,0,0,0,0
RAB_2,58425.0,127453.0,41244.0,0,0,0,110003.0,0,0,2141.0,0,0,0,0,0,0,0,0,0,0,0,0,0,0,14139.0,0,0,902.0,0,0,0,0,0,0,0,0,0,0,0,0,0,0,0,0,0,0,0,0,0,0,0,0,0,0
RAB_B,0,65691.0,24695.0,6848.0,0,0,0,0,0,309.0,0,0,0,4450.0,0,0,0,0,0,0,0,0,0,0,26824.0,0,0,0,0,0,0,0,0,0,0,0,0,0,0,0,0,0,0,0,150.0,0,0,0,0,0,0,0,0,0
RACA_B,0,8573.0,0,0,0,0,0,0,0,0,0,0,0,0,0,0,0,0,0,0,0,0,0,0,0,0,0,0,0,0,0,0,0,0,0,0,0,0,0,0,0,0,0,0,0,0,0,0,0,0,0,0,0,0
RAGA_2,0,0,7212.0,0,0,0,0,0,0,48949.0,169.0,0,0,0,0,0,0,0,0,0,0,0,0,0,0,0,0,0,0,0,0,0,0,0,0,0,0,0,0,0,0,0,0,0,0,0,0,0,0,0,0,0,0,0
RAGA_B,0,0,105080.0,0,0,0,0,0,0,0,0,0,0,34939.0,0,0,0,0,0,0,0,0,0,0,0,0,0,0,0,0,0,0,0,0,0,0,0,0,0,0,0,0,0,0,0,0,0,0,0,0,0,0,0,0
SANB_2,0,0,0,0,43002.0,0,0,0,0,0,0,0,0,0,0,0,0,0,0,0,0,0,0,0,0,0,0,0,0,0,0,1746.0,0,0,0,0,0,0,0,0,0,0,0,0,0,0,0,0,0,0,0,0,0,0
SANG_2,0,0,0,0,0,0,0,0,0,0,0,0,0,0,0,0,0,0,0,0,0,0,0,0,0,0,0,0,0,0,0,0,0,0,0,0,0,0,0,0,0,0,0,0,0,0,0,0,0,0,0,0,0,0
SEC_B,0,0,0,0,0,0,0,0,0,0,0,0,0,0,0,0,0,0,0,0,0,0,0,0,0,0,0,0,0,0,0,0,0,6.0,0,0,0,0,0,0,0,0,0,0,0,0,0,0,0,0,0,0,0,0
SOL_1,394275.0,23653.0,53612.0,35488.0,0,0,70381.0,0,0,0,0,100052.0,0,17804.0,0,0,0,0,0,0,0,0,0,0,0,0,0,0,0,0,0,0,0,0,0,0,0,0,0,0,0,0,0,0,0,0,0,0,0,0,0,0,0,0
SOL_2,348804.0,0,0,3028.0,0,0,102772.0,0,0,5532.0,0,5785.0,0,0,0,0,0,0,0,484.0,0,0,0,0,0,0,0,0,0,0,0,0,0,0,1859.0,0,0,0,0,0,0,0,0,0,0,0,0,0,0,0,0,0,0,0
SOL_B,0,6142.0,0,0,0,0,0,0,0,0,0,0,0,0,0,0,0,0,0,0,0,0,16626.0,0,0,0,0,0,0,0,0,0,0,0,0,0,0,0,0,0,0,0,0,0,0,0,0,0,0,0,0,0,0,0
TAVO_1,851141.0,0,87465.0,0,0,0,0,0,0,0,0,0,0,5971.0,0,0,0,0,17108.0,0,0,0,0,0,0,0,0,0,0,0,0,0,0,0,0,0,0,0,0,0,0,0,0,0,0,0,0,0,0,0,0,0,0,0
TAVO_2,434187.0,25753.0,252614.0,0,0,0,47172.0,0,0,0,0,0,0,4160.0,0,0,0,0,0,0,0,0,0,0,0,0,0,0,0,0,0,0,0,0,0,0,0,0,0,0,0,0,0,0,0,0,0,0,0,0,0,0,0,0
TAVO_B,0,25212.0,84639.0,3479.0,0,0,0,0,0,0,0,0,0,30730.0,0,0,3822.0,0,0,0,0,0,0,0,0,0,0,0,0,0,0,0,0,0,0,0,0,0,0,0,0,0,0,0,0,0,0,0,0,0,0,0,0,0
TRO_1,852788.0,0,0,6524.0,40348.0,0,21436.0,0,0,0,0,0,0,0,0,0,0,0,0,0,0,0,0,0,0,0,0,0,10561.0,0,0,0,0,0,0,0,0,0,0,0,0,0,0,0,0,0,0,0,0,0,0,0,0,0
TRO_2,412169.0,0,0,0,19075.0,0,19072.0,0,0,0,0,0,0,0,0,0,0,0,0,0,0,0,0,0,0,0,0,0,1293.0,0,0,0,0,0,0,0,0,0,0,0,0,0,0,0,0,0,0,0,0,0,0,0,0,0
TRO_B,0,88809.0,102839.0,0,0,0,0,4157.0,2332.0,2413.0,720.0,0,0,32301.0,675.0,0,0,0,273.0,0,0,0,0,0,0,0,0,4210.0,0,0,0,0,0,0,0,0,0,0,0,0,0,0,0,0,0,0,0,0,0,0,0,0,0,0
URI_2,26630.0,43878.0,69484.0,333195.0,0,0,0,0,0,0,0,0,0,13037.0,0,0,866.0,0,0,0,0,0,0,0,0,0,0,0,0,0,0,0,0,0,0,0,0,0,0,0,0,0,0,0,0,0,0,0,0,0,0,0,0,0
URI_B,0,0,16757.0,0,0,0,0,0,0,0,0,0,0,4656.0,0,0,0,0,0,0,0,0,0,0,0,0,0,0,0,0,0,0,0,0,0,0,0,0,0,0,0,0,0,0,0,0,0,0,0,0,0,0,0,0
V2G,0,0,0,0,0,0,0,0,0,0,0,0,0,0,0,0,0,0,0,0,0,0,0,0,0,0,0,0,0,0,0,0,0,0,0,0,0,0,0,0,0,0,0,0,0,0,0,0,0,0,0,0,0,0
VAL_1,1205878.0,0,0,0,0,178182.0,414611.0,0,0,0,0,207908.0,13273.0,13184.0,0,0,0,0,0,0,0,0,0,0,0,0,0,0,0,0,0,0,0,0,0,0,0,0,0,0,0,0,0,0,0,0,0,0,0,0,0,0,0,0
VAL_2,1185167.0,0,19087.0,0,0,7258.0,258805.0,0,0,0,0,54227.0,0,32014.0,0,0,0,0,0,0,0,0,0,0,0,0,0,0,0,0,0,0,0,0,0,0,0,0,0,0,0,0,0,0,0,0,0,0,0,0,0,0,0,0
VAL_B,0,0,5062.0,0,0,0,0,0,0,0,0,0,0,1758.0,0,0,0,0,0,0,0,0,3690.0,0,0,0,0,0,0,0,0,0,0,0,0,0,0,0,0,0,0,0,0,0,0,0,0,0,0,0,0,0,0,0
